SKU;Nombre;Imágenes
ABS-SPLA-BLA-CAJ-1520;Cuadro Splash Colour;http://prontomarco.test/wp-content/uploads/2021/07/blanco-caja.jpg
ABS-SPLA-BLA-CAJ-2030;Cuadro Splash Colour;http://prontomarco.test/wp-content/uploads/2021/07/blanco-caja.jpg
ABS-SPLA-BLA-CAJ-3040;Cuadro Splash Colour;http://prontomarco.test/wp-content/uploads/2021/07/blanco-caja.jpg
ABS-SPLA-BLA-CAJ-4050;Cuadro Splash Colour;http://prontomarco.test/wp-content/uploads/2021/07/blanco-caja.jpg
ABS-SPLA-BLA-CAJ-4060;Cuadro Splash Colour;http://prontomarco.test/wp-content/uploads/2021/07/blanco-caja.jpg
ABS-SPLA-BLA-CAJ-5070;Cuadro Splash Colour;http://prontomarco.test/wp-content/uploads/2021/07/blanco-caja.jpg
ABS-SPLA-BLA-CAJ-6090;Cuadro Splash Colour;http://prontomarco.test/wp-content/uploads/2021/07/blanco-caja.jpg
ABS-CIRC-BLA-CAJ-1520;Cuadro Circles;http://prontomarco.test/wp-content/uploads/2021/07/blanco-caja.jpg
ABS-CIRC-BLA-CAJ-2030;Cuadro Circles;http://prontomarco.test/wp-content/uploads/2021/07/blanco-caja.jpg
ABS-CIRC-BLA-CAJ-3040;Cuadro Circles;http://prontomarco.test/wp-content/uploads/2021/07/blanco-caja.jpg
ABS-CIRC-BLA-CAJ-4050;Cuadro Circles;http://prontomarco.test/wp-content/uploads/2021/07/blanco-caja.jpg
ABS-CIRC-BLA-CAJ-4060;Cuadro Circles;http://prontomarco.test/wp-content/uploads/2021/07/blanco-caja.jpg
ABS-CIRC-BLA-CAJ-5070;Cuadro Circles;http://prontomarco.test/wp-content/uploads/2021/07/blanco-caja.jpg
ABS-CIRC-BLA-CAJ-6090;Cuadro Circles;http://prontomarco.test/wp-content/uploads/2021/07/blanco-caja.jpg
ABS-BLUE-BLA-CAJ-1520;Cuadro Blue Angel;http://prontomarco.test/wp-content/uploads/2021/07/blanco-caja.jpg
ABS-BLUE-BLA-CAJ-2030;Cuadro Blue Angel;http://prontomarco.test/wp-content/uploads/2021/07/blanco-caja.jpg
ABS-BLUE-BLA-CAJ-3040;Cuadro Blue Angel;http://prontomarco.test/wp-content/uploads/2021/07/blanco-caja.jpg
ABS-BLUE-BLA-CAJ-4050;Cuadro Blue Angel;http://prontomarco.test/wp-content/uploads/2021/07/blanco-caja.jpg
ABS-BLUE-BLA-CAJ-4060;Cuadro Blue Angel;http://prontomarco.test/wp-content/uploads/2021/07/blanco-caja.jpg
ABS-BLUE-BLA-CAJ-5070;Cuadro Blue Angel;http://prontomarco.test/wp-content/uploads/2021/07/blanco-caja.jpg
ABS-BLUE-BLA-CAJ-6090;Cuadro Blue Angel;http://prontomarco.test/wp-content/uploads/2021/07/blanco-caja.jpg
ABS-DARK-BLA-CAJ-1520;Cuadro Dark Desert;http://prontomarco.test/wp-content/uploads/2021/07/blanco-caja.jpg
ABS-DARK-BLA-CAJ-2030;Cuadro Dark Desert;http://prontomarco.test/wp-content/uploads/2021/07/blanco-caja.jpg
ABS-DARK-BLA-CAJ-3040;Cuadro Dark Desert;http://prontomarco.test/wp-content/uploads/2021/07/blanco-caja.jpg
ABS-DARK-BLA-CAJ-4050;Cuadro Dark Desert;http://prontomarco.test/wp-content/uploads/2021/07/blanco-caja.jpg
ABS-DARK-BLA-CAJ-4060;Cuadro Dark Desert;http://prontomarco.test/wp-content/uploads/2021/07/blanco-caja.jpg
ABS-DARK-BLA-CAJ-5070;Cuadro Dark Desert;http://prontomarco.test/wp-content/uploads/2021/07/blanco-caja.jpg
ABS-DARK-BLA-CAJ-6090;Cuadro Dark Desert;http://prontomarco.test/wp-content/uploads/2021/07/blanco-caja.jpg
ABS-HOTC-BLA-CAJ-1520;Cuadro Hot Cloud;http://prontomarco.test/wp-content/uploads/2021/07/blanco-caja.jpg
ABS-HOTC-BLA-CAJ-2030;Cuadro Hot Cloud;http://prontomarco.test/wp-content/uploads/2021/07/blanco-caja.jpg
ABS-HOTC-BLA-CAJ-3040;Cuadro Hot Cloud;http://prontomarco.test/wp-content/uploads/2021/07/blanco-caja.jpg
ABS-HOTC-BLA-CAJ-4050;Cuadro Hot Cloud;http://prontomarco.test/wp-content/uploads/2021/07/blanco-caja.jpg
ABS-HOTC-BLA-CAJ-4060;Cuadro Hot Cloud;http://prontomarco.test/wp-content/uploads/2021/07/blanco-caja.jpg
ABS-HOTC-BLA-CAJ-5070;Cuadro Hot Cloud;http://prontomarco.test/wp-content/uploads/2021/07/blanco-caja.jpg
ABS-HOTC-BLA-CAJ-6090;Cuadro Hot Cloud;http://prontomarco.test/wp-content/uploads/2021/07/blanco-caja.jpg
ABS-CLASS-BLA-CAJ-1520;Cuadro Classic Vermouth;http://prontomarco.test/wp-content/uploads/2021/07/blanco-caja.jpg
ABS-CLASS-BLA-CAJ-2030;Cuadro Classic Vermouth;http://prontomarco.test/wp-content/uploads/2021/07/blanco-caja.jpg
ABS-CLASS-BLA-CAJ-3040;Cuadro Classic Vermouth;http://prontomarco.test/wp-content/uploads/2021/07/blanco-caja.jpg
ABS-CLASS-BLA-CAJ-4050;Cuadro Classic Vermouth;http://prontomarco.test/wp-content/uploads/2021/07/blanco-caja.jpg
ABS-CLASS-BLA-CAJ-4060;Cuadro Classic Vermouth;http://prontomarco.test/wp-content/uploads/2021/07/blanco-caja.jpg
ABS-CLASS-BLA-CAJ-5070;Cuadro Classic Vermouth;http://prontomarco.test/wp-content/uploads/2021/07/blanco-caja.jpg
ABS-CLASS-BLA-CAJ-6090;Cuadro Classic Vermouth;http://prontomarco.test/wp-content/uploads/2021/07/blanco-caja.jpg
AYP-RABB-BLA-CAJ-1520;Cuadro Rabbit;http://prontomarco.test/wp-content/uploads/2021/07/blanco-caja.jpg
AYP-RABB-BLA-CAJ-2030;Cuadro Rabbit;http://prontomarco.test/wp-content/uploads/2021/07/blanco-caja.jpg
AYP-RABB-BLA-CAJ-3040;Cuadro Rabbit;http://prontomarco.test/wp-content/uploads/2021/07/blanco-caja.jpg
AYP-RABB-BLA-CAJ-4050;Cuadro Rabbit;http://prontomarco.test/wp-content/uploads/2021/07/blanco-caja.jpg
AYP-RABB-BLA-CAJ-4060;Cuadro Rabbit;http://prontomarco.test/wp-content/uploads/2021/07/blanco-caja.jpg
AYP-RABB-BLA-CAJ-5070;Cuadro Rabbit;http://prontomarco.test/wp-content/uploads/2021/07/blanco-caja.jpg
AYP-RABB-BLA-CAJ-6090;Cuadro Rabbit;http://prontomarco.test/wp-content/uploads/2021/07/blanco-caja.jpg
AYP-HELL-BLA-CAJ-1520;Cuadro Hell Flamingos;http://prontomarco.test/wp-content/uploads/2021/07/blanco-caja.jpg
AYP-HELL-BLA-CAJ-2030;Cuadro Hell Flamingos;http://prontomarco.test/wp-content/uploads/2021/07/blanco-caja.jpg
AYP-HELL-BLA-CAJ-3040;Cuadro Hell Flamingos;http://prontomarco.test/wp-content/uploads/2021/07/blanco-caja.jpg
AYP-HELL-BLA-CAJ-4050;Cuadro Hell Flamingos;http://prontomarco.test/wp-content/uploads/2021/07/blanco-caja.jpg
AYP-HELL-BLA-CAJ-4060;Cuadro Hell Flamingos;http://prontomarco.test/wp-content/uploads/2021/07/blanco-caja.jpg
AYP-HELL-BLA-CAJ-5070;Cuadro Hell Flamingos;http://prontomarco.test/wp-content/uploads/2021/07/blanco-caja.jpg
AYP-HELL-BLA-CAJ-6090;Cuadro Hell Flamingos;http://prontomarco.test/wp-content/uploads/2021/07/blanco-caja.jpg
AYP-VEGF-BLA-CAJ-1520;Cuadro Vegetable Fingers;http://prontomarco.test/wp-content/uploads/2021/07/blanco-caja.jpg
AYP-VEGF-BLA-CAJ-2030;Cuadro Vegetable Fingers;http://prontomarco.test/wp-content/uploads/2021/07/blanco-caja.jpg
AYP-VEGF-BLA-CAJ-3040;Cuadro Vegetable Fingers;http://prontomarco.test/wp-content/uploads/2021/07/blanco-caja.jpg
AYP-VEGF-BLA-CAJ-4050;Cuadro Vegetable Fingers;http://prontomarco.test/wp-content/uploads/2021/07/blanco-caja.jpg
AYP-VEGF-BLA-CAJ-4060;Cuadro Vegetable Fingers;http://prontomarco.test/wp-content/uploads/2021/07/blanco-caja.jpg
AYP-VEGF-BLA-CAJ-5070;Cuadro Vegetable Fingers;http://prontomarco.test/wp-content/uploads/2021/07/blanco-caja.jpg
AYP-VEGF-BLA-CAJ-6090;Cuadro Vegetable Fingers;http://prontomarco.test/wp-content/uploads/2021/07/blanco-caja.jpg
AYP-SNOJ-BLA-CAJ-1520;Cuadro Snowy Jungle;http://prontomarco.test/wp-content/uploads/2021/07/blanco-caja.jpg
AYP-SNOJ-BLA-CAJ-2030;Cuadro Snowy Jungle;http://prontomarco.test/wp-content/uploads/2021/07/blanco-caja.jpg
AYP-SNOJ-BLA-CAJ-3040;Cuadro Snowy Jungle;http://prontomarco.test/wp-content/uploads/2021/07/blanco-caja.jpg
AYP-SNOJ-BLA-CAJ-4050;Cuadro Snowy Jungle;http://prontomarco.test/wp-content/uploads/2021/07/blanco-caja.jpg
AYP-SNOJ-BLA-CAJ-4060;Cuadro Snowy Jungle;http://prontomarco.test/wp-content/uploads/2021/07/blanco-caja.jpg
AYP-SNOJ-BLA-CAJ-5070;Cuadro Snowy Jungle;http://prontomarco.test/wp-content/uploads/2021/07/blanco-caja.jpg
AYP-SNOJ-BLA-CAJ-6090;Cuadro Snowy Jungle;http://prontomarco.test/wp-content/uploads/2021/07/blanco-caja.jpg
AYP-HORS-BLA-CAJ-1520;Cuadro Horses;http://prontomarco.test/wp-content/uploads/2021/07/blanco-caja.jpg
AYP-HORS-BLA-CAJ-2030;Cuadro Horses;http://prontomarco.test/wp-content/uploads/2021/07/blanco-caja.jpg
AYP-HORS-BLA-CAJ-3040;Cuadro Horses;http://prontomarco.test/wp-content/uploads/2021/07/blanco-caja.jpg
AYP-HORS-BLA-CAJ-4050;Cuadro Horses;http://prontomarco.test/wp-content/uploads/2021/07/blanco-caja.jpg
AYP-HORS-BLA-CAJ-4060;Cuadro Horses;http://prontomarco.test/wp-content/uploads/2021/07/blanco-caja.jpg
AYP-HORS-BLA-CAJ-5070;Cuadro Horses;http://prontomarco.test/wp-content/uploads/2021/07/blanco-caja.jpg
AYP-HORS-BLA-CAJ-6090;Cuadro Horses;http://prontomarco.test/wp-content/uploads/2021/07/blanco-caja.jpg
AYP-CATW-BLA-CAJ-1520;Cuadro Cat Waiting;http://prontomarco.test/wp-content/uploads/2021/07/blanco-caja.jpg
AYP-CATW-BLA-CAJ-2030;Cuadro Cat Waiting;http://prontomarco.test/wp-content/uploads/2021/07/blanco-caja.jpg
AYP-CATW-BLA-CAJ-3040;Cuadro Cat Waiting;http://prontomarco.test/wp-content/uploads/2021/07/blanco-caja.jpg
AYP-CATW-BLA-CAJ-4050;Cuadro Cat Waiting;http://prontomarco.test/wp-content/uploads/2021/07/blanco-caja.jpg
AYP-CATW-BLA-CAJ-4060;Cuadro Cat Waiting;http://prontomarco.test/wp-content/uploads/2021/07/blanco-caja.jpg
AYP-CATW-BLA-CAJ-5070;Cuadro Cat Waiting;http://prontomarco.test/wp-content/uploads/2021/07/blanco-caja.jpg
AYP-CATW-BLA-CAJ-6090;Cuadro Cat Waiting;http://prontomarco.test/wp-content/uploads/2021/07/blanco-caja.jpg
AYP-PETA-BLA-CAJ-1520;Cuadro Petals At Sunrise;http://prontomarco.test/wp-content/uploads/2021/07/blanco-caja.jpg
AYP-PETA-BLA-CAJ-2030;Cuadro Petals At Sunrise;http://prontomarco.test/wp-content/uploads/2021/07/blanco-caja.jpg
AYP-PETA-BLA-CAJ-3040;Cuadro Petals At Sunrise;http://prontomarco.test/wp-content/uploads/2021/07/blanco-caja.jpg
AYP-PETA-BLA-CAJ-4050;Cuadro Petals At Sunrise;http://prontomarco.test/wp-content/uploads/2021/07/blanco-caja.jpg
AYP-PETA-BLA-CAJ-4060;Cuadro Petals At Sunrise;http://prontomarco.test/wp-content/uploads/2021/07/blanco-caja.jpg
AYP-PETA-BLA-CAJ-5070;Cuadro Petals At Sunrise;http://prontomarco.test/wp-content/uploads/2021/07/blanco-caja.jpg
AYP-PETA-BLA-CAJ-6090;Cuadro Petals At Sunrise;http://prontomarco.test/wp-content/uploads/2021/07/blanco-caja.jpg
AYP-SWEP-BLA-CAJ-1520;Cuadro Sweet Plants;http://prontomarco.test/wp-content/uploads/2021/07/blanco-caja.jpg
AYP-SWEP-BLA-CAJ-2030;Cuadro Sweet Plants;http://prontomarco.test/wp-content/uploads/2021/07/blanco-caja.jpg
AYP-SWEP-BLA-CAJ-3040;Cuadro Sweet Plants;http://prontomarco.test/wp-content/uploads/2021/07/blanco-caja.jpg
AYP-SWEP-BLA-CAJ-4050;Cuadro Sweet Plants;http://prontomarco.test/wp-content/uploads/2021/07/blanco-caja.jpg
AYP-SWEP-BLA-CAJ-4060;Cuadro Sweet Plants;http://prontomarco.test/wp-content/uploads/2021/07/blanco-caja.jpg
AYP-SWEP-BLA-CAJ-5070;Cuadro Sweet Plants;http://prontomarco.test/wp-content/uploads/2021/07/blanco-caja.jpg
AYP-SWEP-BLA-CAJ-6090;Cuadro Sweet Plants;http://prontomarco.test/wp-content/uploads/2021/07/blanco-caja.jpg
BIK-VILL-BLA-CAJ-1520;Cuadro Village Bike;http://prontomarco.test/wp-content/uploads/2021/07/blanco-caja.jpg
BIK-VILL-BLA-CAJ-2030;Cuadro Village Bike;http://prontomarco.test/wp-content/uploads/2021/07/blanco-caja.jpg
BIK-VILL-BLA-CAJ-3040;Cuadro Village Bike;http://prontomarco.test/wp-content/uploads/2021/07/blanco-caja.jpg
BIK-VILL-BLA-CAJ-4050;Cuadro Village Bike;http://prontomarco.test/wp-content/uploads/2021/07/blanco-caja.jpg
BIK-VILL-BLA-CAJ-4060;Cuadro Village Bike;http://prontomarco.test/wp-content/uploads/2021/07/blanco-caja.jpg
BIK-VILL-BLA-CAJ-5070;Cuadro Village Bike;http://prontomarco.test/wp-content/uploads/2021/07/blanco-caja.jpg
BIK-VILL-BLA-CAJ-6090;Cuadro Village Bike;http://prontomarco.test/wp-content/uploads/2021/07/blanco-caja.jpg
BIK-REDB-BLA-CAJ-1520;Cuadro Red Bike;http://prontomarco.test/wp-content/uploads/2021/07/blanco-caja.jpg
BIK-REDB-BLA-CAJ-2030;Cuadro Red Bike;http://prontomarco.test/wp-content/uploads/2021/07/blanco-caja.jpg
BIK-REDB-BLA-CAJ-3040;Cuadro Red Bike;http://prontomarco.test/wp-content/uploads/2021/07/blanco-caja.jpg
BIK-REDB-BLA-CAJ-4050;Cuadro Red Bike;http://prontomarco.test/wp-content/uploads/2021/07/blanco-caja.jpg
BIK-REDB-BLA-CAJ-4060;Cuadro Red Bike;http://prontomarco.test/wp-content/uploads/2021/07/blanco-caja.jpg
BIK-REDB-BLA-CAJ-5070;Cuadro Red Bike;http://prontomarco.test/wp-content/uploads/2021/07/blanco-caja.jpg
BIK-REDB-BLA-CAJ-6090;Cuadro Red Bike;http://prontomarco.test/wp-content/uploads/2021/07/blanco-caja.jpg
BIK-LIGB-BLA-CAJ-1520;Cuadro Light Blue Bike;http://prontomarco.test/wp-content/uploads/2021/07/blanco-caja.jpg
BIK-LIGB-BLA-CAJ-2030;Cuadro Light Blue Bike;http://prontomarco.test/wp-content/uploads/2021/07/blanco-caja.jpg
BIK-LIGB-BLA-CAJ-3040;Cuadro Light Blue Bike;http://prontomarco.test/wp-content/uploads/2021/07/blanco-caja.jpg
BIK-LIGB-BLA-CAJ-4050;Cuadro Light Blue Bike;http://prontomarco.test/wp-content/uploads/2021/07/blanco-caja.jpg
BIK-LIGB-BLA-CAJ-4060;Cuadro Light Blue Bike;http://prontomarco.test/wp-content/uploads/2021/07/blanco-caja.jpg
BIK-LIGB-BLA-CAJ-5070;Cuadro Light Blue Bike;http://prontomarco.test/wp-content/uploads/2021/07/blanco-caja.jpg
BIK-LIGB-BLA-CAJ-6090;Cuadro Light Blue Bike;http://prontomarco.test/wp-content/uploads/2021/07/blanco-caja.jpg
BIK-BLAC-BLA-CAJ-1520;Cuadro Black Bike;http://prontomarco.test/wp-content/uploads/2021/07/blanco-caja.jpg
BIK-BLAC-BLA-CAJ-2030;Cuadro Black Bike;http://prontomarco.test/wp-content/uploads/2021/07/blanco-caja.jpg
BIK-BLAC-BLA-CAJ-3040;Cuadro Black Bike;http://prontomarco.test/wp-content/uploads/2021/07/blanco-caja.jpg
BIK-BLAC-BLA-CAJ-4050;Cuadro Black Bike;http://prontomarco.test/wp-content/uploads/2021/07/blanco-caja.jpg
BIK-BLAC-BLA-CAJ-4060;Cuadro Black Bike;http://prontomarco.test/wp-content/uploads/2021/07/blanco-caja.jpg
BIK-BLAC-BLA-CAJ-5070;Cuadro Black Bike;http://prontomarco.test/wp-content/uploads/2021/07/blanco-caja.jpg
BIK-BLAC-BLA-CAJ-6090;Cuadro Black Bike;http://prontomarco.test/wp-content/uploads/2021/07/blanco-caja.jpg
BIK-FLOW-BLA-CAJ-1520;Cuadro Flowers on the Bike;http://prontomarco.test/wp-content/uploads/2021/07/blanco-caja.jpg
BIK-FLOW-BLA-CAJ-2030;Cuadro Flowers on the Bike;http://prontomarco.test/wp-content/uploads/2021/07/blanco-caja.jpg
BIK-FLOW-BLA-CAJ-3040;Cuadro Flowers on the Bike;http://prontomarco.test/wp-content/uploads/2021/07/blanco-caja.jpg
BIK-FLOW-BLA-CAJ-4050;Cuadro Flowers on the Bike;http://prontomarco.test/wp-content/uploads/2021/07/blanco-caja.jpg
BIK-FLOW-BLA-CAJ-4060;Cuadro Flowers on the Bike;http://prontomarco.test/wp-content/uploads/2021/07/blanco-caja.jpg
BIK-FLOW-BLA-CAJ-5070;Cuadro Flowers on the Bike;http://prontomarco.test/wp-content/uploads/2021/07/blanco-caja.jpg
BIK-FLOW-BLA-CAJ-6090;Cuadro Flowers on the Bike;http://prontomarco.test/wp-content/uploads/2021/07/blanco-caja.jpg
BYN-CAMP-BLA-CAJ-1520;Cuadro Photographic Camera;http://prontomarco.test/wp-content/uploads/2021/07/blanco-caja.jpg
BYN-CAMP-BLA-CAJ-2030;Cuadro Photographic Camera;http://prontomarco.test/wp-content/uploads/2021/07/blanco-caja.jpg
BYN-CAMP-BLA-CAJ-3040;Cuadro Photographic Camera;http://prontomarco.test/wp-content/uploads/2021/07/blanco-caja.jpg
BYN-CAMP-BLA-CAJ-4050;Cuadro Photographic Camera;http://prontomarco.test/wp-content/uploads/2021/07/blanco-caja.jpg
BYN-CAMP-BLA-CAJ-4060;Cuadro Photographic Camera;http://prontomarco.test/wp-content/uploads/2021/07/blanco-caja.jpg
BYN-CAMP-BLA-CAJ-5070;Cuadro Photographic Camera;http://prontomarco.test/wp-content/uploads/2021/07/blanco-caja.jpg
BYN-CAMP-BLA-CAJ-6090;Cuadro Photographic Camera;http://prontomarco.test/wp-content/uploads/2021/07/blanco-caja.jpg
BYN-NEON-BLA-CAJ-1520;Cuadro Neon;http://prontomarco.test/wp-content/uploads/2021/07/blanco-caja.jpg
BYN-NEON-BLA-CAJ-2030;Cuadro Neon;http://prontomarco.test/wp-content/uploads/2021/07/blanco-caja.jpg
BYN-NEON-BLA-CAJ-3040;Cuadro Neon;http://prontomarco.test/wp-content/uploads/2021/07/blanco-caja.jpg
BYN-NEON-BLA-CAJ-4050;Cuadro Neon;http://prontomarco.test/wp-content/uploads/2021/07/blanco-caja.jpg
BYN-NEON-BLA-CAJ-4060;Cuadro Neon;http://prontomarco.test/wp-content/uploads/2021/07/blanco-caja.jpg
BYN-NEON-BLA-CAJ-5070;Cuadro Neon;http://prontomarco.test/wp-content/uploads/2021/07/blanco-caja.jpg
BYN-NEON-BLA-CAJ-6090;Cuadro Neon;http://prontomarco.test/wp-content/uploads/2021/07/blanco-caja.jpg
BYN-WINE-BLA-CAJ-1520;Cuadro Wine;http://prontomarco.test/wp-content/uploads/2021/07/blanco-caja.jpg
BYN-WINE-BLA-CAJ-2030;Cuadro Wine;http://prontomarco.test/wp-content/uploads/2021/07/blanco-caja.jpg
BYN-WINE-BLA-CAJ-3040;Cuadro Wine;http://prontomarco.test/wp-content/uploads/2021/07/blanco-caja.jpg
BYN-WINE-BLA-CAJ-4050;Cuadro Wine;http://prontomarco.test/wp-content/uploads/2021/07/blanco-caja.jpg
BYN-WINE-BLA-CAJ-4060;Cuadro Wine;http://prontomarco.test/wp-content/uploads/2021/07/blanco-caja.jpg
BYN-WINE-BLA-CAJ-5070;Cuadro Wine;http://prontomarco.test/wp-content/uploads/2021/07/blanco-caja.jpg
BYN-WINE-BLA-CAJ-6090;Cuadro Wine;http://prontomarco.test/wp-content/uploads/2021/07/blanco-caja.jpg
BYN-BRID-BLA-CAJ-1520;Cuadro Bridge;http://prontomarco.test/wp-content/uploads/2021/07/blanco-caja.jpg
BYN-BRID-BLA-CAJ-2030;Cuadro Bridge;http://prontomarco.test/wp-content/uploads/2021/07/blanco-caja.jpg
BYN-BRID-BLA-CAJ-3040;Cuadro Bridge;http://prontomarco.test/wp-content/uploads/2021/07/blanco-caja.jpg
BYN-BRID-BLA-CAJ-4050;Cuadro Bridge;http://prontomarco.test/wp-content/uploads/2021/07/blanco-caja.jpg
BYN-BRID-BLA-CAJ-4060;Cuadro Bridge;http://prontomarco.test/wp-content/uploads/2021/07/blanco-caja.jpg
BYN-BRID-BLA-CAJ-5070;Cuadro Bridge;http://prontomarco.test/wp-content/uploads/2021/07/blanco-caja.jpg
BYN-BRID-BLA-CAJ-6090;Cuadro Bridge;http://prontomarco.test/wp-content/uploads/2021/07/blanco-caja.jpg
BYN-LONE-BLA-CAJ-1520;Cuadro Loneliness;http://prontomarco.test/wp-content/uploads/2021/07/blanco-caja.jpg
BYN-LONE-BLA-CAJ-2030;Cuadro Loneliness;http://prontomarco.test/wp-content/uploads/2021/07/blanco-caja.jpg
BYN-LONE-BLA-CAJ-3040;Cuadro Loneliness;http://prontomarco.test/wp-content/uploads/2021/07/blanco-caja.jpg
BYN-LONE-BLA-CAJ-4050;Cuadro Loneliness;http://prontomarco.test/wp-content/uploads/2021/07/blanco-caja.jpg
BYN-LONE-BLA-CAJ-4060;Cuadro Loneliness;http://prontomarco.test/wp-content/uploads/2021/07/blanco-caja.jpg
BYN-LONE-BLA-CAJ-5070;Cuadro Loneliness;http://prontomarco.test/wp-content/uploads/2021/07/blanco-caja.jpg
BYN-LONE-BLA-CAJ-6090;Cuadro Loneliness;http://prontomarco.test/wp-content/uploads/2021/07/blanco-caja.jpg
BYN-WHP-BLA-CAJ-1520;Cuadro White Petal;http://prontomarco.test/wp-content/uploads/2021/07/blanco-caja.jpg
BYN-WHP-BLA-CAJ-2030;Cuadro White Petal;http://prontomarco.test/wp-content/uploads/2021/07/blanco-caja.jpg
BYN-WHP-BLA-CAJ-3040;Cuadro White Petal;http://prontomarco.test/wp-content/uploads/2021/07/blanco-caja.jpg
BYN-WHP-BLA-CAJ-4050;Cuadro White Petal;http://prontomarco.test/wp-content/uploads/2021/07/blanco-caja.jpg
BYN-WHP-BLA-CAJ-4060;Cuadro White Petal;http://prontomarco.test/wp-content/uploads/2021/07/blanco-caja.jpg
BYN-WHP-BLA-CAJ-5070;Cuadro White Petal;http://prontomarco.test/wp-content/uploads/2021/07/blanco-caja.jpg
BYN-WHP-BLA-CAJ-6090;Cuadro White Petal;http://prontomarco.test/wp-content/uploads/2021/07/blanco-caja.jpg
BYN-BICW-BLA-CAJ-1520;Cuadro Bicycle Wheel;http://prontomarco.test/wp-content/uploads/2021/07/blanco-caja.jpg
BYN-BICW-BLA-CAJ-2030;Cuadro Bicycle Wheel;http://prontomarco.test/wp-content/uploads/2021/07/blanco-caja.jpg
BYN-BICW-BLA-CAJ-3040;Cuadro Bicycle Wheel;http://prontomarco.test/wp-content/uploads/2021/07/blanco-caja.jpg
BYN-BICW-BLA-CAJ-4050;Cuadro Bicycle Wheel;http://prontomarco.test/wp-content/uploads/2021/07/blanco-caja.jpg
BYN-BICW-BLA-CAJ-4060;Cuadro Bicycle Wheel;http://prontomarco.test/wp-content/uploads/2021/07/blanco-caja.jpg
BYN-BICW-BLA-CAJ-5070;Cuadro Bicycle Wheel;http://prontomarco.test/wp-content/uploads/2021/07/blanco-caja.jpg
BYN-BICW-BLA-CAJ-6090;Cuadro Bicycle Wheel;http://prontomarco.test/wp-content/uploads/2021/07/blanco-caja.jpg
CON-PAPE-BLA-CAJ-1520;Cuadro Paper Boat;http://prontomarco.test/wp-content/uploads/2021/07/blanco-caja.jpg
CON-PAPE-BLA-CAJ-2030;Cuadro Paper Boat;http://prontomarco.test/wp-content/uploads/2021/07/blanco-caja.jpg
CON-PAPE-BLA-CAJ-3040;Cuadro Paper Boat;http://prontomarco.test/wp-content/uploads/2021/07/blanco-caja.jpg
CON-PAPE-BLA-CAJ-4050;Cuadro Paper Boat;http://prontomarco.test/wp-content/uploads/2021/07/blanco-caja.jpg
CON-PAPE-BLA-CAJ-4060;Cuadro Paper Boat;http://prontomarco.test/wp-content/uploads/2021/07/blanco-caja.jpg
CON-PAPE-BLA-CAJ-5070;Cuadro Paper Boat;http://prontomarco.test/wp-content/uploads/2021/07/blanco-caja.jpg
CON-PAPE-BLA-CAJ-6090;Cuadro Paper Boat;http://prontomarco.test/wp-content/uploads/2021/07/blanco-caja.jpg
CON-LAMP-BLA-CAJ-1520;Cuadro Lamp;http://prontomarco.test/wp-content/uploads/2021/07/blanco-caja.jpg
CON-LAMP-BLA-CAJ-2030;Cuadro Lamp;http://prontomarco.test/wp-content/uploads/2021/07/blanco-caja.jpg
CON-LAMP-BLA-CAJ-3040;Cuadro Lamp;http://prontomarco.test/wp-content/uploads/2021/07/blanco-caja.jpg
CON-LAMP-BLA-CAJ-4050;Cuadro Lamp;http://prontomarco.test/wp-content/uploads/2021/07/blanco-caja.jpg
CON-LAMP-BLA-CAJ-4060;Cuadro Lamp;http://prontomarco.test/wp-content/uploads/2021/07/blanco-caja.jpg
CON-LAMP-BLA-CAJ-5070;Cuadro Lamp;http://prontomarco.test/wp-content/uploads/2021/07/blanco-caja.jpg
CON-LAMP-BLA-CAJ-6090;Cuadro Lamp;http://prontomarco.test/wp-content/uploads/2021/07/blanco-caja.jpg
CON-ICEC-BLA-CAJ-1520;Cuadro Ice Cream;http://prontomarco.test/wp-content/uploads/2021/07/blanco-caja.jpg
CON-ICEC-BLA-CAJ-2030;Cuadro Ice Cream;http://prontomarco.test/wp-content/uploads/2021/07/blanco-caja.jpg
CON-ICEC-BLA-CAJ-3040;Cuadro Ice Cream;http://prontomarco.test/wp-content/uploads/2021/07/blanco-caja.jpg
CON-ICEC-BLA-CAJ-4050;Cuadro Ice Cream;http://prontomarco.test/wp-content/uploads/2021/07/blanco-caja.jpg
CON-ICEC-BLA-CAJ-4060;Cuadro Ice Cream;http://prontomarco.test/wp-content/uploads/2021/07/blanco-caja.jpg
CON-ICEC-BLA-CAJ-5070;Cuadro Ice Cream;http://prontomarco.test/wp-content/uploads/2021/07/blanco-caja.jpg
CON-ICEC-BLA-CAJ-6090;Cuadro Ice Cream;http://prontomarco.test/wp-content/uploads/2021/07/blanco-caja.jpg
CON-ICES-BLA-CAJ-1520;Cuadro Smoke Ice Cream;http://prontomarco.test/wp-content/uploads/2021/07/blanco-caja.jpg
CON-ICES-BLA-CAJ-2030;Cuadro Smoke Ice Cream;http://prontomarco.test/wp-content/uploads/2021/07/blanco-caja.jpg
CON-ICES-BLA-CAJ-3040;Cuadro Smoke Ice Cream;http://prontomarco.test/wp-content/uploads/2021/07/blanco-caja.jpg
CON-ICES-BLA-CAJ-4050;Cuadro Smoke Ice Cream;http://prontomarco.test/wp-content/uploads/2021/07/blanco-caja.jpg
CON-ICES-BLA-CAJ-4060;Cuadro Smoke Ice Cream;http://prontomarco.test/wp-content/uploads/2021/07/blanco-caja.jpg
CON-ICES-BLA-CAJ-5070;Cuadro Smoke Ice Cream;http://prontomarco.test/wp-content/uploads/2021/07/blanco-caja.jpg
CON-ICES-BLA-CAJ-6090;Cuadro Smoke Ice Cream;http://prontomarco.test/wp-content/uploads/2021/07/blanco-caja.jpg
CON-WATC-BLA-CAJ-1520;Cuadro Watch on Hand;http://prontomarco.test/wp-content/uploads/2021/07/blanco-caja.jpg
CON-WATC-BLA-CAJ-2030;Cuadro Watch on Hand;http://prontomarco.test/wp-content/uploads/2021/07/blanco-caja.jpg
CON-WATC-BLA-CAJ-3040;Cuadro Watch on Hand;http://prontomarco.test/wp-content/uploads/2021/07/blanco-caja.jpg
CON-WATC-BLA-CAJ-4050;Cuadro Watch on Hand;http://prontomarco.test/wp-content/uploads/2021/07/blanco-caja.jpg
CON-WATC-BLA-CAJ-4060;Cuadro Watch on Hand;http://prontomarco.test/wp-content/uploads/2021/07/blanco-caja.jpg
CON-WATC-BLA-CAJ-5070;Cuadro Watch on Hand;http://prontomarco.test/wp-content/uploads/2021/07/blanco-caja.jpg
CON-WATC-BLA-CAJ-6090;Cuadro Watch on Hand;http://prontomarco.test/wp-content/uploads/2021/07/blanco-caja.jpg
CON-YELL-BLA-CAJ-1520;Cuadro Yellow Birds;http://prontomarco.test/wp-content/uploads/2021/07/blanco-caja.jpg
CON-YELL-BLA-CAJ-2030;Cuadro Yellow Birds;http://prontomarco.test/wp-content/uploads/2021/07/blanco-caja.jpg
CON-YELL-BLA-CAJ-3040;Cuadro Yellow Birds;http://prontomarco.test/wp-content/uploads/2021/07/blanco-caja.jpg
CON-YELL-BLA-CAJ-4050;Cuadro Yellow Birds;http://prontomarco.test/wp-content/uploads/2021/07/blanco-caja.jpg
CON-YELL-BLA-CAJ-4060;Cuadro Yellow Birds;http://prontomarco.test/wp-content/uploads/2021/07/blanco-caja.jpg
CON-YELL-BLA-CAJ-5070;Cuadro Yellow Birds;http://prontomarco.test/wp-content/uploads/2021/07/blanco-caja.jpg
CON-YELL-BLA-CAJ-6090;Cuadro Yellow Birds;http://prontomarco.test/wp-content/uploads/2021/07/blanco-caja.jpg
ILU-ALPH-BLA-CAJ-1520;Cuadro Alphabets;http://prontomarco.test/wp-content/uploads/2021/07/blanco-caja.jpg
ILU-ALPH-BLA-CAJ-2030;Cuadro Alphabets;http://prontomarco.test/wp-content/uploads/2021/07/blanco-caja.jpg
ILU-ALPH-BLA-CAJ-3040;Cuadro Alphabets;http://prontomarco.test/wp-content/uploads/2021/07/blanco-caja.jpg
ILU-ALPH-BLA-CAJ-4050;Cuadro Alphabets;http://prontomarco.test/wp-content/uploads/2021/07/blanco-caja.jpg
ILU-ALPH-BLA-CAJ-4060;Cuadro Alphabets;http://prontomarco.test/wp-content/uploads/2021/07/blanco-caja.jpg
ILU-ALPH-BLA-CAJ-5070;Cuadro Alphabets;http://prontomarco.test/wp-content/uploads/2021/07/blanco-caja.jpg
ILU-ALPH-BLA-CAJ-6090;Cuadro Alphabets;http://prontomarco.test/wp-content/uploads/2021/07/blanco-caja.jpg
ILU-MICK-BLA-CAJ-1520;Cuadro Mickey;http://prontomarco.test/wp-content/uploads/2021/07/blanco-caja.jpg
ILU-MICK-BLA-CAJ-2030;Cuadro Mickey;http://prontomarco.test/wp-content/uploads/2021/07/blanco-caja.jpg
ILU-MICK-BLA-CAJ-3040;Cuadro Mickey;http://prontomarco.test/wp-content/uploads/2021/07/blanco-caja.jpg
ILU-MICK-BLA-CAJ-4050;Cuadro Mickey;http://prontomarco.test/wp-content/uploads/2021/07/blanco-caja.jpg
ILU-MICK-BLA-CAJ-4060;Cuadro Mickey;http://prontomarco.test/wp-content/uploads/2021/07/blanco-caja.jpg
ILU-MICK-BLA-CAJ-5070;Cuadro Mickey;http://prontomarco.test/wp-content/uploads/2021/07/blanco-caja.jpg
ILU-MICK-BLA-CAJ-6090;Cuadro Mickey;http://prontomarco.test/wp-content/uploads/2021/07/blanco-caja.jpg
ILU-CATN-BLA-CAJ-1520;Cuadro Night Cat;http://prontomarco.test/wp-content/uploads/2021/07/blanco-caja.jpg
ILU-CATN-BLA-CAJ-2030;Cuadro Night Cat;http://prontomarco.test/wp-content/uploads/2021/07/blanco-caja.jpg
ILU-CATN-BLA-CAJ-3040;Cuadro Night Cat;http://prontomarco.test/wp-content/uploads/2021/07/blanco-caja.jpg
ILU-CATN-BLA-CAJ-4050;Cuadro Night Cat;http://prontomarco.test/wp-content/uploads/2021/07/blanco-caja.jpg
ILU-CATN-BLA-CAJ-4060;Cuadro Night Cat;http://prontomarco.test/wp-content/uploads/2021/07/blanco-caja.jpg
ILU-CATN-BLA-CAJ-5070;Cuadro Night Cat;http://prontomarco.test/wp-content/uploads/2021/07/blanco-caja.jpg
ILU-CATN-BLA-CAJ-6090;Cuadro Night Cat;http://prontomarco.test/wp-content/uploads/2021/07/blanco-caja.jpg
ILU-QUEE-BLA-CAJ-1520;Cuadro Queen;http://prontomarco.test/wp-content/uploads/2021/07/blanco-caja.jpg
ILU-QUEE-BLA-CAJ-2030;Cuadro Queen;http://prontomarco.test/wp-content/uploads/2021/07/blanco-caja.jpg
ILU-QUEE-BLA-CAJ-3040;Cuadro Queen;http://prontomarco.test/wp-content/uploads/2021/07/blanco-caja.jpg
ILU-QUEE-BLA-CAJ-4050;Cuadro Queen;http://prontomarco.test/wp-content/uploads/2021/07/blanco-caja.jpg
ILU-QUEE-BLA-CAJ-4060;Cuadro Queen;http://prontomarco.test/wp-content/uploads/2021/07/blanco-caja.jpg
ILU-QUEE-BLA-CAJ-5070;Cuadro Queen;http://prontomarco.test/wp-content/uploads/2021/07/blanco-caja.jpg
ILU-QUEE-BLA-CAJ-6090;Cuadro Queen;http://prontomarco.test/wp-content/uploads/2021/07/blanco-caja.jpg
ILU-ZOOM-BLA-CAJ-1520;Cuadro Zoom;http://prontomarco.test/wp-content/uploads/2021/07/blanco-caja.jpg
ILU-ZOOM-BLA-CAJ-2030;Cuadro Zoom;http://prontomarco.test/wp-content/uploads/2021/07/blanco-caja.jpg
ILU-ZOOM-BLA-CAJ-3040;Cuadro Zoom;http://prontomarco.test/wp-content/uploads/2021/07/blanco-caja.jpg
ILU-ZOOM-BLA-CAJ-4050;Cuadro Zoom;http://prontomarco.test/wp-content/uploads/2021/07/blanco-caja.jpg
ILU-ZOOM-BLA-CAJ-4060;Cuadro Zoom;http://prontomarco.test/wp-content/uploads/2021/07/blanco-caja.jpg
ILU-ZOOM-BLA-CAJ-5070;Cuadro Zoom;http://prontomarco.test/wp-content/uploads/2021/07/blanco-caja.jpg
ILU-ZOOM-BLA-CAJ-6090;Cuadro Zoom;http://prontomarco.test/wp-content/uploads/2021/07/blanco-caja.jpg
ILU-FLAD-BLA-CAJ-1520;Cuadro Flamenco Drinking;http://prontomarco.test/wp-content/uploads/2021/07/blanco-caja.jpg
ILU-FLAD-BLA-CAJ-2030;Cuadro Flamenco Drinking;http://prontomarco.test/wp-content/uploads/2021/07/blanco-caja.jpg
ILU-FLAD-BLA-CAJ-3040;Cuadro Flamenco Drinking;http://prontomarco.test/wp-content/uploads/2021/07/blanco-caja.jpg
ILU-FLAD-BLA-CAJ-4050;Cuadro Flamenco Drinking;http://prontomarco.test/wp-content/uploads/2021/07/blanco-caja.jpg
ILU-FLAD-BLA-CAJ-4060;Cuadro Flamenco Drinking;http://prontomarco.test/wp-content/uploads/2021/07/blanco-caja.jpg
ILU-FLAD-BLA-CAJ-5070;Cuadro Flamenco Drinking;http://prontomarco.test/wp-content/uploads/2021/07/blanco-caja.jpg
ILU-FLAD-BLA-CAJ-6090;Cuadro Flamenco Drinking;http://prontomarco.test/wp-content/uploads/2021/07/blanco-caja.jpg
ILU-SEAG-BLA-CAJ-1520;Cuadro Seagulls;http://prontomarco.test/wp-content/uploads/2021/07/blanco-caja.jpg
ILU-SEAG-BLA-CAJ-2030;Cuadro Seagulls;http://prontomarco.test/wp-content/uploads/2021/07/blanco-caja.jpg
ILU-SEAG-BLA-CAJ-3040;Cuadro Seagulls;http://prontomarco.test/wp-content/uploads/2021/07/blanco-caja.jpg
ILU-SEAG-BLA-CAJ-4050;Cuadro Seagulls;http://prontomarco.test/wp-content/uploads/2021/07/blanco-caja.jpg
ILU-SEAG-BLA-CAJ-4060;Cuadro Seagulls;http://prontomarco.test/wp-content/uploads/2021/07/blanco-caja.jpg
ILU-SEAG-BLA-CAJ-5070;Cuadro Seagulls;http://prontomarco.test/wp-content/uploads/2021/07/blanco-caja.jpg
ILU-SEAG-BLA-CAJ-6090;Cuadro Seagulls;http://prontomarco.test/wp-content/uploads/2021/07/blanco-caja.jpg
ILU-NIGV-BLA-CAJ-1520;Cuadro Night Volcano;http://prontomarco.test/wp-content/uploads/2021/07/blanco-caja.jpg
ILU-NIGV-BLA-CAJ-2030;Cuadro Night Volcano;http://prontomarco.test/wp-content/uploads/2021/07/blanco-caja.jpg
ILU-NIGV-BLA-CAJ-3040;Cuadro Night Volcano;http://prontomarco.test/wp-content/uploads/2021/07/blanco-caja.jpg
ILU-NIGV-BLA-CAJ-4050;Cuadro Night Volcano;http://prontomarco.test/wp-content/uploads/2021/07/blanco-caja.jpg
ILU-NIGV-BLA-CAJ-4060;Cuadro Night Volcano;http://prontomarco.test/wp-content/uploads/2021/07/blanco-caja.jpg
ILU-NIGV-BLA-CAJ-5070;Cuadro Night Volcano;http://prontomarco.test/wp-content/uploads/2021/07/blanco-caja.jpg
ILU-NIGV-BLA-CAJ-6090;Cuadro Night Volcano;http://prontomarco.test/wp-content/uploads/2021/07/blanco-caja.jpg
ILU-SAIL-BLA-CAJ-1520;Cuadro Sailor;http://prontomarco.test/wp-content/uploads/2021/07/blanco-caja.jpg
ILU-SAIL-BLA-CAJ-2030;Cuadro Sailor;http://prontomarco.test/wp-content/uploads/2021/07/blanco-caja.jpg
ILU-SAIL-BLA-CAJ-3040;Cuadro Sailor;http://prontomarco.test/wp-content/uploads/2021/07/blanco-caja.jpg
ILU-SAIL-BLA-CAJ-4050;Cuadro Sailor;http://prontomarco.test/wp-content/uploads/2021/07/blanco-caja.jpg
ILU-SAIL-BLA-CAJ-4060;Cuadro Sailor;http://prontomarco.test/wp-content/uploads/2021/07/blanco-caja.jpg
ILU-SAIL-BLA-CAJ-5070;Cuadro Sailor;http://prontomarco.test/wp-content/uploads/2021/07/blanco-caja.jpg
ILU-SAIL-BLA-CAJ-6090;Cuadro Sailor;http://prontomarco.test/wp-content/uploads/2021/07/blanco-caja.jpg
ILU-FIVE-BLA-CAJ-1520;Cuadro Five;http://prontomarco.test/wp-content/uploads/2021/07/blanco-caja.jpg
ILU-FIVE-BLA-CAJ-2030;Cuadro Five;http://prontomarco.test/wp-content/uploads/2021/07/blanco-caja.jpg
ILU-FIVE-BLA-CAJ-3040;Cuadro Five;http://prontomarco.test/wp-content/uploads/2021/07/blanco-caja.jpg
ILU-FIVE-BLA-CAJ-4050;Cuadro Five;http://prontomarco.test/wp-content/uploads/2021/07/blanco-caja.jpg
ILU-FIVE-BLA-CAJ-4060;Cuadro Five;http://prontomarco.test/wp-content/uploads/2021/07/blanco-caja.jpg
ILU-FIVE-BLA-CAJ-5070;Cuadro Five;http://prontomarco.test/wp-content/uploads/2021/07/blanco-caja.jpg
ILU-FIVE-BLA-CAJ-6090;Cuadro Five;http://prontomarco.test/wp-content/uploads/2021/07/blanco-caja.jpg